productCode,productName,MarkUpPercentage
S24_3420,"1937 Horch 930V Limousine",128.3976098214
S24_4620,"1961 Chevrolet Impala",126.6178645556
S18_2432,"1926 Ford Fire Engine",125.2235725714
S12_3990,"1970 Plymouth Hemi Cuda",121.7604195926
S50_4713,"2002 Yamaha YZR M1",117.6448910370
